show,apple_id,title,guid,published,duration,episode_type,episode_url,audio_url,audio_type,declared_bytes
豬探長推理故事集,1559480667,EP.133 急凍剋星的極光之旅(上集),cmtlrls2g06cq01uma9mk1pld,"Fri, 04 Sep 2026 01:02:12 GMT",1176,full,https://open.firstory.me/story/cmtlrls2g06cq01uma9mk1pld,https://m.cdn.firstory.me/track/cklw2tvilfnda0804tdm3oxho/cmtlrls2g06cq01uma9mk1pld/https%3A%2F%2Ffile.cdn.firstory.me%2FRecord%2Fcklw2tvilfnda0804tdm3oxho%2Fcmtlrls2g06cr01umh9h34iuq.mp3?v=1788454672543,audio/mpeg,0
豬探長推理故事集,1559480667,SP.11 探長會客室,cmtct6adl0g2x01wyaxhn12qr,"Fri, 28 Aug 2026 10:30:10 GMT",688,full,https://open.firstory.me/story/cmtct6adl0g2x01wyaxhn12qr,https://m.cdn.firstory.me/track/cklw2tvilfnda0804tdm3oxho/cmtct6adl0g2x01wyaxhn12qr/https%3A%2F%2Ffile.cdn.firstory.me%2FRecord%2Fcklw2tvilfnda0804tdm3oxho%2Fcmtct6adl0g2y01wycprzgguy.mp3?v=1787912941463,audio/mpeg,0
豬探長推理故事集,1559480667,EP.132 袖珍娃娃屋奇案(下集),cmshnfib80ol901z85n2gco5i,"Fri, 07 Aug 2026 06:58:07 GMT",1229,full,https://open.firstory.me/story/cmshnfib80ol901z85n2gco5i,https://m.cdn.firstory.me/track/cklw2tvilfnda0804tdm3oxho/cmshnfib80ol901z85n2gco5i/https%3A%2F%2Ffile.cdn.firstory.me%2FRecord%2Fcklw2tvilfnda0804tdm3oxho%2Fcmshnfib80ola01z81e9n16p4.mp3?v=1786085884421,audio/mpeg,0
豬探長推理故事集,1559480667,EP.131 袖珍娃娃屋奇案(上集),cms6gbyon1f1m01y1el807zgw,"Fri, 31 Jul 2026 02:02:07 GMT",1248,full,https://open.firstory.me/story/cms6gbyon1f1m01y1el807zgw,https://m.cdn.firstory.me/track/cklw2tvilfnda0804tdm3oxho/cms6gbyon1f1m01y1el807zgw/https%3A%2F%2Ffile.cdn.firstory.me%2FRecord%2Fcklw2tvilfnda0804tdm3oxho%2Fcms6gbyon1f1n01y1g6xs4h71.mp3?v=1785428150884,audio/mpeg,0
豬探長推理故事集,1559480667,SP.10 探長會客室,cmrol4nqa100t01w2fan60yvp,"Fri, 17 Jul 2026 07:01:01 GMT",939,full,https://open.firstory.me/story/cmrol4nqa100t01w2fan60yvp,https://m.cdn.firstory.me/track/cklw2tvilfnda0804tdm3oxho/cmrol4nqa100t01w2fan60yvp/https%3A%2F%2Ffile.cdn.firstory.me%2FRecord%2Fcklw2tvilfnda0804tdm3oxho%2Fcmrol4nqa100u01w29qvd6cq2.mp3?v=1784535100297,audio/mpeg,0
豬探長推理故事集,1559480667,EP.130 卡拉珊瑚島的歡樂假期(下集),cmr4aaszn038001wbam3rgcj6,"Fri, 03 Jul 2026 02:00:52 GMT",1242,full,https://open.firstory.me/story/cmr4aaszn038001wbam3rgcj6,https://m.cdn.firstory.me/track/cklw2tvilfnda0804tdm3oxho/cmr4aaszn038001wbam3rgcj6/https%3A%2F%2Ffile.cdn.firstory.me%2FRecord%2Fcklw2tvilfnda0804tdm3oxho%2Fcmr4aaszn038101wb57mpby6h.mp3?v=1783044040401,audio/mpeg,0
豬探長推理故事集,1559480667,EP.129 卡拉珊瑚島的歡樂假期(上集),cmqtryx020ovg01yv24vp2h4t,"Fri, 26 Jun 2026 04:02:16 GMT",1215,full,https://open.firstory.me/story/cmqtryx020ovg01yv24vp2h4t,https://m.cdn.firstory.me/track/cklw2tvilfnda0804tdm3oxho/cmqtryx020ovg01yv24vp2h4t/https%3A%2F%2Ffile.cdn.firstory.me%2FRecord%2Fcklw2tvilfnda0804tdm3oxho%2Fcmqtryx020ovh01yv4p31fik0.mp3?v=1782408615458,audio/mpeg,0
豬探長推理故事集,1559480667,EP.128 絕對不能淹水的地方(下集),cmqkgh8q502eq01zt39uc99os,"Fri, 19 Jun 2026 05:05:57 GMT",1312,full,https://open.firstory.me/story/cmqkgh8q502eq01zt39uc99os,https://m.cdn.firstory.me/track/cklw2tvilfnda0804tdm3oxho/cmqkgh8q502eq01zt39uc99os/https%3A%2F%2Ffile.cdn.firstory.me%2FRecord%2Fcklw2tvilfnda0804tdm3oxho%2Fcmqkgh8q502er01zth4g79j03.mp3?v=1781845106647,audio/mpeg,0
豬探長推理故事集,1559480667,EP.127 絕對不能淹水的地方(上集),cmq9ohkhb000a01u84f798ppz,"Fri, 12 Jun 2026 02:03:35 GMT",1117,full,https://open.firstory.me/story/cmq9ohkhb000a01u84f798ppz,https://m.cdn.firstory.me/track/cklw2tvilfnda0804tdm3oxho/cmq9ohkhb000a01u84f798ppz/https%3A%2F%2Ffile.cdn.firstory.me%2FRecord%2Fcklw2tvilfnda0804tdm3oxho%2Fcmq9ohkhb000b01u843yc6odw.mp3?v=1781194030346,audio/mpeg,0
豬探長推理故事集,1559480667,EP.126 真正的好朋友(下集),cmq0gto07040n01zq4cpk3prm,"Fri, 05 Jun 2026 05:15:37 GMT",1093,full,https://open.firstory.me/story/cmq0gto07040n01zq4cpk3prm,https://m.cdn.firstory.me/track/cklw2tvilfnda0804tdm3oxho/cmq0gto07040n01zq4cpk3prm/https%3A%2F%2Ffile.cdn.firstory.me%2FRecord%2Fcklw2tvilfnda0804tdm3oxho%2Fcmq0gto07040o01zqf69b0p68.mp3?v=1780636534679,audio/mpeg,0
豬探長推理故事集,1559480667,EP.125 真正的好朋友(上集),cmpqadct901hz01zp8pmw12je,"Fri, 29 May 2026 02:14:13 GMT",1030,full,https://open.firstory.me/story/cmpqadct901hz01zp8pmw12je,https://m.cdn.firstory.me/track/cklw2tvilfnda0804tdm3oxho/cmpqadct901hz01zp8pmw12je/https%3A%2F%2Ffile.cdn.firstory.me%2FRecord%2Fcklw2tvilfnda0804tdm3oxho%2Fcmpqadct901i001zp6hprc7by.mp3?v=1780020869382,audio/mpeg,0
豬探長推理故事集,1559480667,EP.124 消失的證據(下集),cmpf3ae7q018401rhh8f9btsj,"Fri, 22 May 2026 02:02:13 GMT",2142,full,https://open.firstory.me/story/cmpf3ae7q018401rhh8f9btsj,https://m.cdn.firstory.me/track/cklw2tvilfnda0804tdm3oxho/cmpf3ae7q018401rhh8f9btsj/https%3A%2F%2Ffile.cdn.firstory.me%2FRecord%2Fcklw2tvilfnda0804tdm3oxho%2Fcmpf3ae7q018501rh3bbw9r4r.mp3?v=1780020977865,audio/mpeg,0
豬探長推理故事集,1559480667,EP.123 消失的證據(上集),cmp6ofmlp0wtx01xqgsb5bkek,"Fri, 15 May 2026 08:58:08 GMT",976,full,https://open.firstory.me/story/cmp6ofmlp0wtx01xqgsb5bkek,https://m.cdn.firstory.me/track/cklw2tvilfnda0804tdm3oxho/cmp6ofmlp0wtx01xqgsb5bkek/https%3A%2F%2Ffile.cdn.firstory.me%2FRecord%2Fcklw2tvilfnda0804tdm3oxho%2Fcmp6ofmlp0wty01xqa40jdh63.mp3?v=1778835668820,audio/mpeg,0
豬探長推理故事集,1559480667,EP.122 逃跑的超美味車輪餅(下集),cmovsiquq00sb01w4bxg93axa,"Fri, 08 May 2026 02:02:07 GMT",938,full,https://open.firstory.me/story/cmovsiquq00sb01w4bxg93axa,https://m.cdn.firstory.me/track/cklw2tvilfnda0804tdm3oxho/cmovsiquq00sb01w4bxg93axa/https%3A%2F%2Ffile.cdn.firstory.me%2FRecord%2Fcklw2tvilfnda0804tdm3oxho%2Fcmovsiquq00sc01w4f9wx6pgs.mp3?v=1778176817450,audio/mpeg,0
豬探長推理故事集,1559480667,EP.121 逃跑的超美味車輪餅(上集),cmolblbv2027n01ye7lwu60in,"Fri, 01 May 2026 02:02:00 GMT",1255,full,https://open.firstory.me/story/cmolblbv2027n01ye7lwu60in,https://m.cdn.firstory.me/track/cklw2tvilfnda0804tdm3oxho/cmolblbv2027n01ye7lwu60in/https%3A%2F%2Ffile.cdn.firstory.me%2FRecord%2Fcklw2tvilfnda0804tdm3oxho%2Fcmolblbv2027o01ye9albam8n.mp3?v=1777608761520,audio/mpeg,0
豬探長推理故事集,1559480667,SP.9 探長會客室,cmnhphb6k08ia01v2awgtccb2,"Fri, 03 Apr 2026 02:02:09 GMT",905,full,https://open.firstory.me/story/cmnhphb6k08ia01v2awgtccb2,https://m.cdn.firstory.me/track/cklw2tvilfnda0804tdm3oxho/cmnhphb6k08ia01v2awgtccb2/https%3A%2F%2Ffile.cdn.firstory.me%2FRecord%2Fcklw2tvilfnda0804tdm3oxho%2Fcmnhphb6k08ib01v20bbid7r0.mp3?v=1780281040567,audio/mpeg,14540858
豬探長推理故事集,1559480667,EP.120 暖呼呼的小偷(下集),cmm4cwlw10cs601xh2it53x4x,"Fri, 27 Feb 2026 03:56:09 GMT",1496,full,https://open.firstory.me/story/cmm4cwlw10cs601xh2it53x4x,https://m.cdn.firstory.me/track/cklw2tvilfnda0804tdm3oxho/cmm4cwlw10cs601xh2it53x4x/https%3A%2F%2Ffile.cdn.firstory.me%2FRecord%2Fcklw2tvilfnda0804tdm3oxho%2Fcmm4cwlw10cs701xh2btg3i2w.mp3?v=1772164515285,audio/mpeg,0
豬探長推理故事集,1559480667,EP.119 暖呼呼的小偷(上集),cmlsvyrg30wqk01u56h3w7pkb,"Thu, 19 Feb 2026 03:15:37 GMT",1040,full,https://open.firstory.me/story/cmlsvyrg30wqk01u56h3w7pkb,https://m.cdn.firstory.me/track/cklw2tvilfnda0804tdm3oxho/cmlsvyrg30wqk01u56h3w7pkb/https%3A%2F%2Ffile.cdn.firstory.me%2FRecord%2Fcklw2tvilfnda0804tdm3oxho%2Fcmlsvyrg30wql01u5heqz4gpg.mp3?v=1771479135686,audio/mpeg,0
豬探長推理故事集,1559480667,EP.118 滴答水聲的秘密(下集),cmlkbah4j03f201xp4dzbhz6z,"Fri, 13 Feb 2026 04:26:14 GMT",1056,full,https://open.firstory.me/story/cmlkbah4j03f201xp4dzbhz6z,https://m.cdn.firstory.me/track/cklw2tvilfnda0804tdm3oxho/cmlkbah4j03f201xp4dzbhz6z/https%3A%2F%2Ffile.cdn.firstory.me%2FRecord%2Fcklw2tvilfnda0804tdm3oxho%2Fcmlkbah4j03f301xpg67pc9er.mp3?v=1770956852908,audio/mpeg,0
豬探長推理故事集,1559480667,EP.117 滴答水聲的秘密(上集),cml9ptiih06r901zx9rn811fx,"Fri, 06 Feb 2026 03:02:16 GMT",1244,full,https://open.firstory.me/story/cml9ptiih06r901zx9rn811fx,https://m.cdn.firstory.me/track/cklw2tvilfnda0804tdm3oxho/cml9ptiih06r901zx9rn811fx/https%3A%2F%2Ffile.cdn.firstory.me%2FRecord%2Fcklw2tvilfnda0804tdm3oxho%2Fcml9ptiih06ra01zxdy23ad7a.mp3?v=1770311736455,audio/mpeg,0
豬探長推理故事集,1559480667,EP.116 好吃到爆炸的千層麵(下集),cml0azfiz0cin012001hzdh7e,"Fri, 30 Jan 2026 03:09:38 GMT",976,full,https://open.firstory.me/story/cml0azfiz0cin012001hzdh7e,https://m.cdn.firstory.me/track/cklw2tvilfnda0804tdm3oxho/cml0azfiz0cin012001hzdh7e/https%3A%2F%2Ffile.cdn.firstory.me%2FRecord%2Fcklw2tvilfnda0804tdm3oxho%2Fcml0azfiz0cio0120eo235eo6.mp3?v=1769742554239,audio/mpeg,0
豬探長推理故事集,1559480667,EP.115 好吃到爆炸的千層麵(上集),cmkq8yrea0oh801wubjxi3hop,"Fri, 23 Jan 2026 05:52:55 GMT",863,full,https://open.firstory.me/story/cmkq8yrea0oh801wubjxi3hop,https://m.cdn.firstory.me/track/cklw2tvilfnda0804tdm3oxho/cmkq8yrea0oh801wubjxi3hop/https%3A%2F%2Ffile.cdn.firstory.me%2FRecord%2Fcklw2tvilfnda0804tdm3oxho%2Fcmkq8yrea0oh901wu5kamd2c2.mp3?v=1769134748347,audio/mpeg,0
豬探長推理故事集,1559480667,EP.114 吃飽飽的海邊假期(下集),cmkg8smg1000901whe6x42cp4,"Fri, 16 Jan 2026 02:13:38 GMT",1037,full,https://open.firstory.me/story/cmkg8smg1000901whe6x42cp4,https://m.cdn.firstory.me/track/cklw2tvilfnda0804tdm3oxho/cmkg8smg1000901whe6x42cp4/https%3A%2F%2Ffile.cdn.firstory.me%2FRecord%2Fcklw2tvilfnda0804tdm3oxho%2Fcmkg8smg1000a01wh6n4kaxjw.mp3?v=1768529590852,audio/mpeg,0
豬探長推理故事集,1559480667,EP.113 吃飽飽的海邊假期(上集),cmk65nelk00dt01wa6c8c1l7u,"Fri, 09 Jan 2026 01:32:19 GMT",1049,full,https://open.firstory.me/story/cmk65nelk00dt01wa6c8c1l7u,https://m.cdn.firstory.me/track/cklw2tvilfnda0804tdm3oxho/cmk65nelk00dt01wa6c8c1l7u/https%3A%2F%2Ffile.cdn.firstory.me%2FRecord%2Fcklw2tvilfnda0804tdm3oxho%2Fcmk65nelk00du01waexzy99as.mp3?v=1767920076474,audio/mpeg,0
豬探長推理故事集,1559480667,EP.112 蒙面騎士的陰謀(下集),cmjw9o9xb0wo101rh0t644a19,"Fri, 02 Jan 2026 02:43:50 GMT",890,full,https://open.firstory.me/story/cmjw9o9xb0wo101rh0t644a19,https://m.cdn.firstory.me/track/cklw2tvilfnda0804tdm3oxho/cmjw9o9xb0wo101rh0t644a19/https%3A%2F%2Ffile.cdn.firstory.me%2FRecord%2Fcklw2tvilfnda0804tdm3oxho%2Fcmjw9o9xb0wo201rhexzjb1g9.mp3?v=1767321918383,audio/mpeg,0
豬探長推理故事集,1559480667,EP.111 蒙面騎士的陰謀(上集),cmjlnnadx006701us0cm3dp9t,"Fri, 26 Dec 2025 01:02:53 GMT",942,full,https://open.firstory.me/story/cmjlnnadx006701us0cm3dp9t,https://m.cdn.firstory.me/track/cklw2tvilfnda0804tdm3oxho/cmjlnnadx006701us0cm3dp9t/https%3A%2F%2Ffile.cdn.firstory.me%2FRecord%2Fcklw2tvilfnda0804tdm3oxho%2Fcmjlnnadx006801usf40nfboa.mp3?v=1766716535791,audio/mpeg,0
豬探長推理故事集,1559480667,SP.8 探長會客室,cmg04es95004101ujh8mbd408,"Fri, 26 Sep 2025 02:03:00 GMT",1382,full,https://open.firstory.me/story/cmg04es95004101ujh8mbd408,https://m.cdn.firstory.me/track/cklw2tvilfnda0804tdm3oxho/cmg04es95004101ujh8mbd408/https%3A%2F%2Ffile.cdn.firstory.me%2FRecord%2Fcklw2tvilfnda0804tdm3oxho%2Fcmg04es95004201ujdza4b7jz.mp3?v=1788199751747,audio/mpeg,22113106
豬探長推理故事集,1559480667,EP.110 黃金咖啡廳失竊案(下集),cmfq7kbu201te01z49ywb0sxz,"Fri, 19 Sep 2025 02:19:39 GMT",1425,full,https://open.firstory.me/story/cmfq7kbu201te01z49ywb0sxz,https://m.cdn.firstory.me/track/cklw2tvilfnda0804tdm3oxho/cmfq7kbu201te01z49ywb0sxz/https%3A%2F%2Ffile.cdn.firstory.me%2FRecord%2Fcklw2tvilfnda0804tdm3oxho%2Fcmfq7kbu201tf01z49p1aeizo.mp3?v=1758248898541,audio/mpeg,0
豬探長推理故事集,1559480667,EP.109 黃金咖啡廳失竊案(上集),cmfg82ufv00v201tjdevl1uxv,"Fri, 12 Sep 2025 02:37:53 GMT",1245,full,https://open.firstory.me/story/cmfg82ufv00v201tjdevl1uxv,https://m.cdn.firstory.me/track/cklw2tvilfnda0804tdm3oxho/cmfg82ufv00v201tjdevl1uxv/https%3A%2F%2Ffile.cdn.firstory.me%2FRecord%2Fcklw2tvilfnda0804tdm3oxho%2Fcmfg82ufv00v301tj9sx3b7e3.mp3?v=1757644473425,audio/mpeg,0
豬探長推理故事集,1559480667,EP.108 永恆之心失竊案(下集),cmf5jbmty02q801sad35h5nxi,"Fri, 05 Sep 2025 02:02:11 GMT",1225,full,https://open.firstory.me/story/cmf5jbmty02q801sad35h5nxi,https://m.cdn.firstory.me/track/cklw2tvilfnda0804tdm3oxho/cmf5jbmty02q801sad35h5nxi/https%3A%2F%2Ffile.cdn.firstory.me%2FRecord%2Fcklw2tvilfnda0804tdm3oxho%2Fcmf5jbmty02q901saejbw8azm.mp3?v=1757041869524,audio/mpeg,0
豬探長推理故事集,1559480667,EP.107 永恆之心失竊案(上集),cmevmam5701fy01tr1sodd19h,"Fri, 29 Aug 2025 02:02:10 GMT",1266,full,https://open.firstory.me/story/cmevmam5701fy01tr1sodd19h,https://m.cdn.firstory.me/track/cklw2tvilfnda0804tdm3oxho/cmevmam5701fy01tr1sodd19h/https%3A%2F%2Ffile.cdn.firstory.me%2FRecord%2Fcklw2tvilfnda0804tdm3oxho%2Fcmevmam5701fz01trciq4h2mm.mp3?v=1756802941022,audio/mpeg,0
豬探長推理故事集,1559480667,EP.106 甜而不膩的紅豆湯圓(下集),cmem58z0t03al01x46kvgefc0,"Fri, 22 Aug 2025 02:02:48 GMT",1126,full,https://open.firstory.me/story/cmem58z0t03al01x46kvgefc0,https://m.cdn.firstory.me/track/cklw2tvilfnda0804tdm3oxho/cmem58z0t03al01x46kvgefc0/https%3A%2F%2Ffile.cdn.firstory.me%2FRecord%2Fcklw2tvilfnda0804tdm3oxho%2Fcmem58z0t03am01x43m867a3a.mp3?v=1755826173040,audio/mpeg,0
豬探長推理故事集,1559480667,EP.105 甜而不膩的紅豆湯圓(上集),cmebnuk9j01jg01w54bigacks,"Fri, 15 Aug 2025 02:02:11 GMT",1040,full,https://open.firstory.me/story/cmebnuk9j01jg01w54bigacks,https://m.cdn.firstory.me/track/cklw2tvilfnda0804tdm3oxho/cmebnuk9j01jg01w54bigacks/https%3A%2F%2Ffile.cdn.firstory.me%2FRecord%2Fcklw2tvilfnda0804tdm3oxho%2Fcmebnuk9k01jh01w57m8a8bwr.mp3?v=1755191882403,audio/mpeg,0
豬探長推理故事集,1559480667,EP.104 馬哈哈山上的水災(下集),cme1m0qc3005f01uq32vrbp6h,"Fri, 08 Aug 2025 02:02:43 GMT",1557,full,https://open.firstory.me/story/cme1m0qc3005f01uq32vrbp6h,https://m.cdn.firstory.me/track/cklw2tvilfnda0804tdm3oxho/cme1m0qc3005f01uq32vrbp6h/https%3A%2F%2Ffile.cdn.firstory.me%2FRecord%2Fcklw2tvilfnda0804tdm3oxho%2Fcme1m0qc4005g01uq6o3k8rcf.mp3?v=1754584153135,audio/mpeg,0
豬探長推理故事集,1559480667,EP.103 馬哈哈山上的水災(上集),cmdsap04q03ik01ww0vhd56yc,"Fri, 01 Aug 2025 04:16:53 GMT",1468,full,https://open.firstory.me/story/cmdsap04q03ik01ww0vhd56yc,https://m.cdn.firstory.me/track/cklw2tvilfnda0804tdm3oxho/cmdsap04q03ik01ww0vhd56yc/https%3A%2F%2Ffile.cdn.firstory.me%2FRecord%2Fcklw2tvilfnda0804tdm3oxho%2Fcmdsap04q03il01ww3inv46cd.mp3?v=1754021187035,audio/mpeg,0
豬探長推理故事集,1559480667,EP.102 賊兮兮的賣場拖把(下集),cmdicsi6r01hf01w69dp24v0l,"Fri, 25 Jul 2025 05:17:44 GMT",1549,full,https://open.firstory.me/story/cmdicsi6r01hf01w69dp24v0l,https://m.cdn.firstory.me/track/cklw2tvilfnda0804tdm3oxho/cmdicsi6r01hf01w69dp24v0l/https%3A%2F%2Ffile.cdn.firstory.me%2FRecord%2Fcklw2tvilfnda0804tdm3oxho%2Fcmdicsi6r01hg01w6abwtddct.mp3?v=1753420659536,audio/mpeg,0
豬探長推理故事集,1559480667,EP.101 賊兮兮的賣場拖把(上集),cmd7flcl6003001xp5r6ig7mt,"Fri, 18 Jul 2025 01:32:09 GMT",1142,full,https://open.firstory.me/story/cmd7flcl6003001xp5r6ig7mt,https://m.cdn.firstory.me/track/cklw2tvilfnda0804tdm3oxho/cmd7flcl6003001xp5r6ig7mt/https%3A%2F%2Ffile.cdn.firstory.me%2FRecord%2Fcklw2tvilfnda0804tdm3oxho%2Fcmd7flcl6003101xp23q594od.mp3?v=1752759356038,audio/mpeg,0
豬探長推理故事集,1559480667,SP.7 探長會客室,cmcddwhby04no01whbj9988mb,"Fri, 27 Jun 2025 04:02:11 GMT",1054,full,https://open.firstory.me/story/cmcddwhby04no01whbj9988mb,https://m.cdn.firstory.me/track/cklw2tvilfnda0804tdm3oxho/cmcddwhby04no01whbj9988mb/https%3A%2F%2Ffile.cdn.firstory.me%2FRecord%2Fcklw2tvilfnda0804tdm3oxho%2Fcmcddwhby04np01wh2nqdegqh.mp3?v=1780481191835,audio/mpeg,16925316
豬探長推理故事集,1559480667,EP.100 河馬先生的牙醫診所(下集),cm925vdxs008501yqh5jmapwv,"Fri, 04 Apr 2025 02:24:38 GMT",907,full,https://open.firstory.me/story/cm925vdxs008501yqh5jmapwv,https://m.cdn.firstory.me/track/cklw2tvilfnda0804tdm3oxho/cm925vdxs008501yqh5jmapwv/https%3A%2F%2Ffile.cdn.firstory.me%2FRecord%2Fcklw2tvilfnda0804tdm3oxho%2Fcm925vdxt008601yq6hc7f3u9.mp3?v=1743733473429,audio/mpeg,14528723
豬探長推理故事集,1559480667,EP.99 河馬先生的牙醫診所(上集),cm8s3b68z00xo01w4697a2x4f,"Fri, 28 Mar 2025 01:15:24 GMT",1235,full,https://open.firstory.me/story/cm8s3b68z00xo01w4697a2x4f,https://m.cdn.firstory.me/track/cklw2tvilfnda0804tdm3oxho/cm8s3b68z00xo01w4697a2x4f/https%3A%2F%2Ffile.cdn.firstory.me%2FRecord%2Fcklw2tvilfnda0804tdm3oxho%2Fcm8s3b68z00xp01w4bq7b19do.mp3?v=1743184462726,audio/mpeg,19762989
豬探長推理故事集,1559480667,EP.98 地上的30個大洞(下集) ,cm8hav6c300ir011aa6sn61tj,"Fri, 21 Mar 2025 01:31:00 GMT",1780,full,https://open.firstory.me/story/cm8hav6c300ir011aa6sn61tj,https://m.cdn.firstory.me/track/cklw2tvilfnda0804tdm3oxho/cm8hav6c300ir011aa6sn61tj/https%3A%2F%2Ffile.cdn.firstory.me%2FRecord%2Fcklw2tvilfnda0804tdm3oxho%2Fcm8hav6c300is011a7o8e0yfb.mp3?v=1742472080463,audio/mpeg,28485361
豬探長推理故事集,1559480667,EP.97 地上的30個大洞(上集),cm889e59e0112010halh5462p,"Fri, 14 Mar 2025 04:10:12 GMT",1083,full,https://open.firstory.me/story/cm889e59e0112010halh5462p,https://m.cdn.firstory.me/track/cklw2tvilfnda0804tdm3oxho/cm889e59e0112010halh5462p/https%3A%2F%2Ffile.cdn.firstory.me%2FRecord%2Fcklw2tvilfnda0804tdm3oxho%2Fcm889e59e0113010hf9sj5y5n.mp3?v=1741925407262,audio/mpeg,17334483
豬探長推理故事集,1559480667,EP.96 世界上最安全的地方(下集),cm7y2e55y000201ps7rd65pdi,"Fri, 07 Mar 2025 01:31:00 GMT",1009,full,https://open.firstory.me/story/cm7y2e55y000201ps7rd65pdi,https://m.cdn.firstory.me/track/cklw2tvilfnda0804tdm3oxho/cm7y2e55y000201ps7rd65pdi/https%3A%2F%2Ffile.cdn.firstory.me%2FRecord%2Fcklw2tvilfnda0804tdm3oxho%2Fcm7y2e55y000301ps0wbvau7l.mp3?v=1741308986833,audio/mpeg,16147479
豬探長推理故事集,1559480667,EP.95 世界上最安全的地方(上集),cm7np2hv4000401v79c6s91d1,"Fri, 28 Feb 2025 01:31:00 GMT",1363,full,https://open.firstory.me/story/cm7np2hv4000401v79c6s91d1,https://m.cdn.firstory.me/track/cklw2tvilfnda0804tdm3oxho/cm7np2hv4000401v79c6s91d1/https%3A%2F%2Ffile.cdn.firstory.me%2FRecord%2Fcklw2tvilfnda0804tdm3oxho%2Fcm7np2hv4000501v781pm7qdg.mp3?v=1740681962894,audio/mpeg,21810826
豬探長推理故事集,1559480667,EP.94 兔爺爺的幸運彩券(下集),cm7dllmmx00dv01x66ra80ltb,"Fri, 21 Feb 2025 04:01:00 GMT",1007,full,https://open.firstory.me/story/cm7dllmmx00dv01x66ra80ltb,https://m.cdn.firstory.me/track/cklw2tvilfnda0804tdm3oxho/cm7dllmmx00dv01x66ra80ltb/https%3A%2F%2Ffile.cdn.firstory.me%2FRecord%2Fcklw2tvilfnda0804tdm3oxho%2Fcm7dllmmx00dw01x6ec4n4pt0.mp3?v=1740071459060,audio/mpeg,16121983
豬探長推理故事集,1559480667,EP.93 兔爺爺的幸運彩券(上集),cm744q7lk01ob01osbkn5gzwu,"Fri, 14 Feb 2025 02:08:12 GMT",1472,full,https://open.firstory.me/story/cm744q7lk01ob01osbkn5gzwu,https://m.cdn.firstory.me/track/cklw2tvilfnda0804tdm3oxho/cm744q7lk01ob01osbkn5gzwu/https%3A%2F%2Ffile.cdn.firstory.me%2FRecord%2Fcklw2tvilfnda0804tdm3oxho%2Fcm744q7ll01oc01osh8ubgk3v.mp3?v=1742473346186,audio/mpeg,23564164
豬探長推理故事集,1559480667,SP.6 探長會客室,cm6tn1i4o00bv01ul18jc2vlw,"Fri, 07 Feb 2025 01:31:00 GMT",817,full,https://open.firstory.me/story/cm6tn1i4o00bv01ul18jc2vlw,https://m.cdn.firstory.me/track/cklw2tvilfnda0804tdm3oxho/cm6tn1i4o00bv01ul18jc2vlw/https%3A%2F%2Ffile.cdn.firstory.me%2FRecord%2Fcklw2tvilfnda0804tdm3oxho%2Fcm6tn1i4p00bw01ul4l8r8poj.mp3?v=1788189198328,audio/mpeg,13087220
豬探長推理故事集,1559480667,EP.92 五顆星就送冰釀番茄（下集）,cm6jnolly03el01sw3m41ezpk,"Fri, 31 Jan 2025 01:31:00 GMT",1396,full,https://open.firstory.me/story/cm6jnolly03el01sw3m41ezpk,https://m.cdn.firstory.me/track/cklw2tvilfnda0804tdm3oxho/cm6jnolly03el01sw3m41ezpk/https%3A%2F%2Ffile.cdn.firstory.me%2FRecord%2Fcklw2tvilfnda0804tdm3oxho%2Fcm6jnolly03em01swg7175epi.mp3?v=1738260992004,audio/mpeg,22351665
豬探長推理故事集,1559480667,EP.91 五顆星就送冰釀番茄（上集）,cm6965jn7000101ykhn3gbutl,"Fri, 24 Jan 2025 02:31:00 GMT",1014,full,https://open.firstory.me/story/cm6965jn7000101ykhn3gbutl,https://m.cdn.firstory.me/track/cklw2tvilfnda0804tdm3oxho/cm6965jn7000101ykhn3gbutl/https%3A%2F%2Ffile.cdn.firstory.me%2FRecord%2Fcklw2tvilfnda0804tdm3oxho%2Fcm6965jn7000201yk9nat3ulo.mp3?v=1737626866965,audio/mpeg,16240684
豬探長推理故事集,1559480667,SP.5 探長會客室,cm6033b9t05fd01wc73rvatvx,"Fri, 17 Jan 2025 04:01:02 GMT",939,full,https://open.firstory.me/story/cm6033b9t05fd01wc73rvatvx,https://m.cdn.firstory.me/track/cklw2tvilfnda0804tdm3oxho/cm6033b9t05fd01wc73rvatvx/https%3A%2F%2Ffile.cdn.firstory.me%2FRecord%2Fcklw2tvilfnda0804tdm3oxho%2Fcm6033b9t05fe01wc7r28ds6u.mp3?v=1788200157973,audio/mpeg,15025465
豬探長推理故事集,1559480667,EP.90 夏日的迷途馬拉松（下集）,cm2y6paij04bk01upc0r0815f,"Fri, 01 Nov 2024 03:38:50 GMT",1709,full,https://open.firstory.me/story/cm2y6paij04bk01upc0r0815f,https://m.cdn.firstory.me/track/cklw2tvilfnda0804tdm3oxho/cm2y6paij04bk01upc0r0815f/https%3A%2F%2Ffile.cdn.firstory.me%2FRecord%2Fcklw2tvilfnda0804tdm3oxho%2Fcm2y6paij04bl01up8pb103nu.mp3?v=1730953456990,audio/mpeg,27350457
豬探長推理故事集,1559480667,EP.89 夏日的迷途馬拉松（上集）,cm2o2y8ux00ub01w05uljbmw2,"Fri, 25 Oct 2024 01:55:59 GMT",1441,full,https://open.firstory.me/story/cm2o2y8ux00ub01w05uljbmw2,https://m.cdn.firstory.me/track/cklw2tvilfnda0804tdm3oxho/cm2o2y8ux00ub01w05uljbmw2/https%3A%2F%2Ffile.cdn.firstory.me%2FRecord%2Fcklw2tvilfnda0804tdm3oxho%2Fcm2o2y8uy00uc01w0gkgy8zm1.mp3?v=1730953464202,audio/mpeg,23069719
豬探長推理故事集,1559480667,EP.88 海底五百米驚魂記（下集）,cm2e2mrc90f3m01srfkymedhw,"Fri, 18 Oct 2024 01:49:27 GMT",1393,full,https://open.firstory.me/story/cm2e2mrc90f3m01srfkymedhw,https://m.cdn.firstory.me/track/cklw2tvilfnda0804tdm3oxho/cm2e2mrc90f3m01srfkymedhw/https%3A%2F%2Ffile.cdn.firstory.me%2FRecord%2Fcklw2tvilfnda0804tdm3oxho%2Fcm2e2mrc90f3n01sr19t20do7.mp3?v=1730953496947,audio/mpeg,22297194
豬探長推理故事集,1559480667,EP.87 海底五百米驚魂記（上集）,cm23k7jfx002901uvfyz00pbg,"Fri, 11 Oct 2024 01:31:00 GMT",885,full,https://open.firstory.me/story/cm23k7jfx002901uvfyz00pbg,https://m.cdn.firstory.me/track/cklw2tvilfnda0804tdm3oxho/cm23k7jfx002901uvfyz00pbg/https%3A%2F%2Ffile.cdn.firstory.me%2FRecord%2Fcklw2tvilfnda0804tdm3oxho%2Fcm23k7jfx002a01uv4hv25m8s.mp3?v=1730953482074,audio/mpeg,14164126
豬探長推理故事集,1559480667,EP.86 一次偷了五家（下集）,cm1tlthot0oei01ux3ptpekqz,"Fri, 04 Oct 2024 01:31:00 GMT",1470,full,https://open.firstory.me/story/cm1tlthot0oei01ux3ptpekqz,https://m.cdn.firstory.me/track/cklw2tvilfnda0804tdm3oxho/cm1tlthot0oei01ux3ptpekqz/https%3A%2F%2Ffile.cdn.firstory.me%2FRecord%2Fcklw2tvilfnda0804tdm3oxho%2Fcm1tlthot0oej01ux53ik1z31.mp3?v=1730953505494,audio/mpeg,23528502
豬探長推理故事集,1559480667,EP.85 一次偷了五家（上集）,cm1jk89ag00kl01u19u98b5d9,"Fri, 27 Sep 2024 01:31:00 GMT",1478,full,https://open.firstory.me/story/cm1jk89ag00kl01u19u98b5d9,https://m.cdn.firstory.me/track/cklw2tvilfnda0804tdm3oxho/cm1jk89ag00kl01u19u98b5d9/https%3A%2F%2Ffile.cdn.firstory.me%2FRecord%2Fcklw2tvilfnda0804tdm3oxho%2Fcm1jk89ag00km01u107lj63il.mp3?v=1730953530461,audio/mpeg,23648874
豬探長推理故事集,1559480667,EP.84 雨衣怪客跟蹤奇案（下集）,cm1aa7wrc001501wza8sbbcjy,"Fri, 20 Sep 2024 05:30:46 GMT",1431,full,https://open.firstory.me/story/cm1aa7wrc001501wza8sbbcjy,https://m.cdn.firstory.me/track/cklw2tvilfnda0804tdm3oxho/cm1aa7wrc001501wza8sbbcjy/https%3A%2F%2Ffile.cdn.firstory.me%2FRecord%2Fcklw2tvilfnda0804tdm3oxho%2Fcm1aa7wrc001601wz4apg45xi.mp3?v=1730953544557,audio/mpeg,22910340
豬探長推理故事集,1559480667,EP.83 雨衣怪客跟蹤奇案（上集）,cm105cjwn000i01w32chd0obz,"Fri, 13 Sep 2024 03:16:39 GMT",1155,full,https://open.firstory.me/story/cm105cjwn000i01w32chd0obz,https://m.cdn.firstory.me/track/cklw2tvilfnda0804tdm3oxho/cm105cjwn000i01w32chd0obz/https%3A%2F%2Ffile.cdn.firstory.me%2FRecord%2Fcklw2tvilfnda0804tdm3oxho%2Fcm105cjwn000j01w34qbq78mv.mp3?v=1730953549819,audio/mpeg,18487496
豬探長推理故事集,1559480667,EP.82 好癢好癢的復仇計畫（下集）,cm0q1fnpu03v401x9g5rgalun,"Fri, 06 Sep 2024 01:29:31 GMT",1608,full,https://open.firstory.me/story/cm0q1fnpu03v401x9g5rgalun,https://m.cdn.firstory.me/track/cklw2tvilfnda0804tdm3oxho/cm0q1fnpu03v401x9g5rgalun/https%3A%2F%2Ffile.cdn.firstory.me%2FRecord%2Fcklw2tvilfnda0804tdm3oxho%2Fcm0q1fnpu03v501x9ewqzfa3x.mp3?v=1730953572732,audio/mpeg,25739506
豬探長推理故事集,1559480667,EP.81 好癢好癢的復仇計畫（上集）,cm0fy8cpt002k01sz1nmu1lxx,"Fri, 30 Aug 2024 01:01:00 GMT",1066,full,https://open.firstory.me/story/cm0fy8cpt002k01sz1nmu1lxx,https://m.cdn.firstory.me/track/cklw2tvilfnda0804tdm3oxho/cm0fy8cpt002k01sz1nmu1lxx/https%3A%2F%2Ffile.cdn.firstory.me%2FRecord%2Fcklw2tvilfnda0804tdm3oxho%2Fcm0fy8cpu002l01sz8pd2gqlf.mp3?v=1730953570702,audio/mpeg,17061419
豬探長推理故事集,1559480667,SP.4 探長會客室,clxyuy726076p01wkce22br96,"Fri, 28 Jun 2024 15:38:38 GMT",767,full,https://open.firstory.me/story/clxyuy726076p01wkce22br96,https://m.cdn.firstory.me/track/cklw2tvilfnda0804tdm3oxho/clxyuy726076p01wkce22br96/https%3A%2F%2Ffile.cdn.firstory.me%2FRecord%2Fcklw2tvilfnda0804tdm3oxho%2Fclxyuy726076q01wk5phneo3n.mp3?v=1782209659555,audio/mpeg,12329436
豬探長推理故事集,1559480667,EP.80 奧斯特鎮的冠軍水壩（下集）,clxdlpbeb0qux01ykcxkn18xs,"Fri, 14 Jun 2024 01:31:00 GMT",1388,full,https://open.firstory.me/story/clxdlpbeb0qux01ykcxkn18xs,https://m.cdn.firstory.me/track/cklw2tvilfnda0804tdm3oxho/clxdlpbeb0qux01ykcxkn18xs/https%3A%2F%2Ffile.cdn.firstory.me%2FRecord%2Fcklw2tvilfnda0804tdm3oxho%2Fclxdlpbeb0quy01yk166u9xqp.mp3?v=1718971591747,audio/mpeg,22211376
豬探長推理故事集,1559480667,EP.79 奧斯特鎮的冠軍水壩（上集）,clx381vx40cka01w5c9051zqp,"Fri, 07 Jun 2024 01:31:00 GMT",1242,full,https://open.firstory.me/story/clx381vx40cka01w5c9051zqp,https://m.cdn.firstory.me/track/cklw2tvilfnda0804tdm3oxho/clx381vx40cka01w5c9051zqp/https%3A%2F%2Ffile.cdn.firstory.me%2FRecord%2Fcklw2tvilfnda0804tdm3oxho%2Fclx381vx40ckb01w5cyyo0kez.mp3?v=1717676480704,audio/mpeg,19885437
豬探長推理故事集,1559480667,EP.78 選美大會的完美犯罪（下集）,clwu6rkdl0imn01u2830xakse,"Fri, 31 May 2024 04:30:53 GMT",1217,full,https://open.firstory.me/story/clwu6rkdl0imn01u2830xakse,https://m.cdn.firstory.me/track/cklw2tvilfnda0804tdm3oxho/clwu6rkdl0imn01u2830xakse/https%3A%2F%2Ffile.cdn.firstory.me%2FRecord%2Fcklw2tvilfnda0804tdm3oxho%2Fclwu6rkdl0imo01u21i0jc8g1.mp3?v=1717129853457,audio/mpeg,19475551
豬探長推理故事集,1559480667,EP.77 選美大會的完美犯罪（上集）,clwjmccnc01p201wl64qd3cch,"Fri, 24 May 2024 01:01:00 GMT",961,full,https://open.firstory.me/story/clwjmccnc01p201wl64qd3cch,https://m.cdn.firstory.me/track/cklw2tvilfnda0804tdm3oxho/clwjmccnc01p201wl64qd3cch/https%3A%2F%2Ffile.cdn.firstory.me%2FRecord%2Fcklw2tvilfnda0804tdm3oxho%2Fclwjmccnc01p301wlh5rw7yx9.mp3?v=1716490885737,audio/mpeg,15385684
豬探長推理故事集,1559480667,EP.76 憑空消失的銀行大盜（下集）,clw9h0son1mul01wz05mjg8fw,"Fri, 17 May 2024 01:31:00 GMT",998,full,https://open.firstory.me/story/clw9h0son1mul01wz05mjg8fw,https://m.cdn.firstory.me/track/cklw2tvilfnda0804tdm3oxho/clw9h0son1mul01wz05mjg8fw/https%3A%2F%2Ffile.cdn.firstory.me%2FRecord%2Fcklw2tvilfnda0804tdm3oxho%2Fclw9h0son1mum01wz1s54hh0t.mp3?v=1715877286112,audio/mpeg,15980026
豬探長推理故事集,1559480667,EP.75 憑空消失的銀行大盜（上集）,clvzyt1jz074p01xc438hapfm,"Fri, 10 May 2024 01:31:00 GMT",1001,full,https://open.firstory.me/story/clvzyt1jz074p01xc438hapfm,https://m.cdn.firstory.me/track/cklw2tvilfnda0804tdm3oxho/clvzyt1jz074p01xc438hapfm/https%3A%2F%2Ffile.cdn.firstory.me%2FRecord%2Fcklw2tvilfnda0804tdm3oxho%2Fclvzyt1jz074q01xc20s7336n.mp3?v=1715302495402,audio/mpeg,16027669
豬探長推理故事集,1559480667,EP.74 百草村的巫婆傳說（下集）,clvq1p21p0ckj01ye9o4z4td8,"Fri, 03 May 2024 02:18:08 GMT",922,full,https://open.firstory.me/story/clvq1p21p0ckj01ye9o4z4td8,https://m.cdn.firstory.me/track/cklw2tvilfnda0804tdm3oxho/clvq1p21p0ckj01ye9o4z4td8/https%3A%2F%2Ffile.cdn.firstory.me%2FRecord%2Fcklw2tvilfnda0804tdm3oxho%2Fclvq1p21p0ckk01yee1s556x4.mp3?v=1714702688412,audio/mpeg,14767526
豬探長推理故事集,1559480667,EP.73 百草村的巫婆傳說（上集）,clvfhhg910llu01w15ccu5dlu,"Fri, 26 Apr 2024 01:31:00 GMT",799,full,https://open.firstory.me/story/clvfhhg910llu01w15ccu5dlu,https://m.cdn.firstory.me/track/cklw2tvilfnda0804tdm3oxho/clvfhhg910llu01w15ccu5dlu/https%3A%2F%2Ffile.cdn.firstory.me%2FRecord%2Fcklw2tvilfnda0804tdm3oxho%2Fclvfhhg910llv01w1ftetcntz.mp3?v=1714064074891,audio/mpeg,12793919
豬探長推理故事集,1559480667,EP.72 冬天的惡夢（下集）,clv5h6zcb016101wt0ryx8s5w,"Fri, 19 Apr 2024 01:31:00 GMT",1305,full,https://open.firstory.me/story/clv5h6zcb016101wt0ryx8s5w,https://m.cdn.firstory.me/track/cklw2tvilfnda0804tdm3oxho/clv5h6zcb016101wt0ryx8s5w/https%3A%2F%2Ffile.cdn.firstory.me%2FRecord%2Fcklw2tvilfnda0804tdm3oxho%2Fclv5h6zcb016201wtdbod7bl0.mp3?v=1713458936810,audio/mpeg,20882683
豬探長推理故事集,1559480667,EP.71 冬天的惡夢（上集）,cluutcgw409vy01vveuhrfrm1,"Fri, 12 Apr 2024 01:31:00 GMT",1226,full,https://open.firstory.me/story/cluutcgw409vy01vveuhrfrm1,https://m.cdn.firstory.me/track/cklw2tvilfnda0804tdm3oxho/cluutcgw409vy01vveuhrfrm1/https%3A%2F%2Ffile.cdn.firstory.me%2FRecord%2Fcklw2tvilfnda0804tdm3oxho%2Fcluutcgw409vz01vv3xs1g3ye.mp3?v=1713029836418,audio/mpeg,19624208
豬探長推理故事集,1559480667,SP.3 探長會客室,clsdwfmbv00p601wd1p8v53q1,"Fri, 09 Feb 2024 01:01:00 GMT",705,full,https://open.firstory.me/story/clsdwfmbv00p601wd1p8v53q1,https://m.cdn.firstory.me/track/cklw2tvilfnda0804tdm3oxho/clsdwfmbv00p601wd1p8v53q1/https%3A%2F%2Ffile.cdn.firstory.me%2FRecord%2Fcklw2tvilfnda0804tdm3oxho%2Fclsdwfmbx00p701wd5qcdfzt7.mp3?v=1781864825808,audio/mpeg,11340545
豬探長推理故事集,1559480667,EP.70 傷心的瘋狂畫家（下集）,cls40cvs603ot01u0b2i3ey2g,"Fri, 02 Feb 2024 02:10:42 GMT",1191,full,https://open.firstory.me/story/cls40cvs603ot01u0b2i3ey2g,https://m.cdn.firstory.me/track/cklw2tvilfnda0804tdm3oxho/cls40cvs603ot01u0b2i3ey2g/https%3A%2F%2Ffile.cdn.firstory.me%2FRecord%2Fcklw2tvilfnda0804tdm3oxho%2Fcls40cvs603ou01u0htd2cuty.mp3?v=1706839842452,audio/mpeg,19071252
豬探長推理故事集,1559480667,EP.69 傷心的瘋狂畫家（上集）,clruqbtu400hx01xmf5ti5igb,"Fri, 26 Jan 2024 14:19:59 GMT",1053,full,https://open.firstory.me/story/clruqbtu400hx01xmf5ti5igb,https://m.cdn.firstory.me/track/cklw2tvilfnda0804tdm3oxho/clruqbtu400hx01xmf5ti5igb/https%3A%2F%2Ffile.cdn.firstory.me%2FRecord%2Fcklw2tvilfnda0804tdm3oxho%2Fclruqbtu400hy01xm06375is3.mp3?v=1706278799098,audio/mpeg,16859826
豬探長推理故事集,1559480667,EP.68 夢想中的跑步比賽（下集）,clrjzmn6s00ne01yc5jsmedfw,"Fri, 19 Jan 2024 01:54:50 GMT",1052,full,https://open.firstory.me/story/clrjzmn6s00ne01yc5jsmedfw,https://m.cdn.firstory.me/track/cklw2tvilfnda0804tdm3oxho/clrjzmn6s00ne01yc5jsmedfw/https%3A%2F%2Ffile.cdn.firstory.me%2FRecord%2Fcklw2tvilfnda0804tdm3oxho%2Fclrjzmn6s00nf01yc7zoh9gl4.mp3?v=1705629290129,audio/mpeg,16836002
豬探長推理故事集,1559480667,EP.67 夢想中的跑步比賽（上集）,clra8v8s9002c01swf0pncx0i,"Fri, 12 Jan 2024 06:15:41 GMT",903,full,https://open.firstory.me/story/clra8v8s9002c01swf0pncx0i,https://m.cdn.firstory.me/track/cklw2tvilfnda0804tdm3oxho/clra8v8s9002c01swf0pncx0i/https%3A%2F%2Ffile.cdn.firstory.me%2FRecord%2Fcklw2tvilfnda0804tdm3oxho%2Fclra8v8s9002d01sw05mqcejw.mp3?v=1705040141423,audio/mpeg,14458233
豬探長推理故事集,1559480667,EP.66 古堡的飛天怪之謎（下集）,clr09g3n9001z01ytalxvb5u2,"Fri, 05 Jan 2024 06:34:22 GMT",1277,full,https://open.firstory.me/story/clr09g3n9001z01ytalxvb5u2,https://m.cdn.firstory.me/track/cklw2tvilfnda0804tdm3oxho/clr09g3n9001z01ytalxvb5u2/https%3A%2F%2Ffile.cdn.firstory.me%2FRecord%2Fcklw2tvilfnda0804tdm3oxho%2Fclr09g3na002001yt9utt7kdh.mp3?v=1704436462496,audio/mpeg,20435604
豬探長推理故事集,1559480667,EP.65 古堡的飛天怪之謎（上集）,clqqffon1012q01ux70kz2oz0,"Fri, 29 Dec 2023 09:24:27 GMT",1046,full,https://open.firstory.me/story/clqqffon1012q01ux70kz2oz0,https://m.cdn.firstory.me/track/cklw2tvilfnda0804tdm3oxho/clqqffon1012q01ux70kz2oz0/https%3A%2F%2Ffile.cdn.firstory.me%2FRecord%2Fcklw2tvilfnda0804tdm3oxho%2Fclqqffon1012r01uxdukp2it6.mp3?v=1703955979599,audio/mpeg,16750040
豬探長推理故事集,1559480667,EP.64 荒野中的小屋（下集）,clqfhk1gf03cx01wk9lkt1qz1,"Fri, 22 Dec 2023 01:02:53 GMT",1422,full,https://open.firstory.me/story/clqfhk1gf03cx01wk9lkt1qz1,https://m.cdn.firstory.me/track/cklw2tvilfnda0804tdm3oxho/clqfhk1gf03cx01wk9lkt1qz1/https%3A%2F%2Ffile.cdn.firstory.me%2FRecord%2Fcklw2tvilfnda0804tdm3oxho%2Fclqfhk1gf03cy01wk5zgg4moj.mp3?v=1703180843736,audio/mpeg,22752770
豬探長推理故事集,1559480667,EP.63 荒野中的小屋（上集）,clq5a60yw06od012meou9fmie,"Fri, 15 Dec 2023 01:32:54 GMT",1144,full,https://open.firstory.me/story/clq5a60yw06od012meou9fmie,https://m.cdn.firstory.me/track/cklw2tvilfnda0804tdm3oxho/clq5a60yw06od012meou9fmie/https%3A%2F%2Ffile.cdn.firstory.me%2FRecord%2Fcklw2tvilfnda0804tdm3oxho%2Fclq5a60yw06oe012m5pgnglha.mp3?v=1714628829293,audio/mpeg,18310148
豬探長推理故事集,1559480667,EP.62 茉莉山的渡假山莊（下集）,clpw5oc03006601zd0bp920ii,"Fri, 08 Dec 2023 04:57:53 GMT",1026,full,https://open.firstory.me/story/clpw5oc03006601zd0bp920ii,https://m.cdn.firstory.me/track/cklw2tvilfnda0804tdm3oxho/clpw5oc03006601zd0bp920ii/https%3A%2F%2Ffile.cdn.firstory.me%2FRecord%2Fcklw2tvilfnda0804tdm3oxho%2Fclpw5oc03006701zd6wbucb1g.mp3?v=1716775330904,audio/mpeg,16431836
豬探長推理故事集,1559480667,EP.61 茉莉山的渡假山莊（上集）,clpm2xhr3037s01wj3nor5e67,"Fri, 01 Dec 2023 03:43:17 GMT",731,full,https://open.firstory.me/story/clpm2xhr3037s01wj3nor5e67,https://m.cdn.firstory.me/track/cklw2tvilfnda0804tdm3oxho/clpm2xhr3037s01wj3nor5e67/https%3A%2F%2Ffile.cdn.firstory.me%2FRecord%2Fcklw2tvilfnda0804tdm3oxho%2Fclpm2xhr3037t01wjd71o4244.mp3?v=1716775312740,audio/mpeg,11700124
豬探長推理故事集,1559480667,EP.60 陽光號的巡航冒險(下集),clpb6dtay00bq01s3gy7t74r4,"Fri, 24 Nov 2023 01:31:43 GMT",1184,full,https://open.firstory.me/story/clpb6dtay00bq01s3gy7t74r4,https://m.cdn.firstory.me/track/cklw2tvilfnda0804tdm3oxho/clpb6dtay00bq01s3gy7t74r4/https%3A%2F%2Ffiles.firstory-cdn.me%2FRecord%2Fcklw2tvilfnda0804tdm3oxho%2Fclpb6dtay00br01s3dfphfm5j.mp3?v=1700742884900,audio/mpeg,18952130
豬探長推理故事集,1559480667,EP.59 陽光號的巡航冒險(上集),clp1z9mkk00rh01yla83qdxd6,"Fri, 17 Nov 2023 02:05:31 GMT",1306,full,https://open.firstory.me/story/clp1z9mkk00rh01yla83qdxd6,https://m.cdn.firstory.me/track/cklw2tvilfnda0804tdm3oxho/clp1z9mkk00rh01yla83qdxd6/https%3A%2F%2Ffiles.firstory-cdn.me%2FRecord%2Fcklw2tvilfnda0804tdm3oxho%2Fclp1z9mkk00ri01yl6kbgfpc4.mp3?v=1700186731228,audio/mpeg,20901909
豬探長推理故事集,1559480667,EP.58 地球殺手珠寶賊(下集),clorgg12t02ou01t2foqf7bvf,"Fri, 10 Nov 2023 01:31:39 GMT",814,full,https://open.firstory.me/story/clorgg12t02ou01t2foqf7bvf,https://m.cdn.firstory.me/track/cklw2tvilfnda0804tdm3oxho/clorgg12t02ou01t2foqf7bvf/https%3A%2F%2Ffiles.firstory-cdn.me%2FRecord%2Fcklw2tvilfnda0804tdm3oxho%2Fclorgg12t02ov01t29b3e6b4e.mp3?v=1699550444540,audio/mpeg,13031718
豬探長推理故事集,1559480667,EP.57 地球殺手珠寶賊(上集),clohdl0sf0vjv01s1hpu9ga1s,"Fri, 03 Nov 2023 01:31:37 GMT",1016,full,https://open.firstory.me/story/clohdl0sf0vjv01s1hpu9ga1s,https://m.cdn.firstory.me/track/cklw2tvilfnda0804tdm3oxho/clohdl0sf0vjv01s1hpu9ga1s/https%3A%2F%2Ffile.cdn.firstory.me%2FRecord%2Fcklw2tvilfnda0804tdm3oxho%2Fclohdl0sf0vjw01s1a50t39s4.mp3?v=1698941018131,audio/mpeg,16265488
豬探長推理故事集,1559480667,EP.56 消失的食物(下集),clo7zoyo5000001tkd4wbhqvz,"Fri, 27 Oct 2023 02:24:19 GMT",987,full,https://open.firstory.me/story/clo7zoyo5000001tkd4wbhqvz,https://m.cdn.firstory.me/track/cklw2tvilfnda0804tdm3oxho/clo7zoyo5000001tkd4wbhqvz/https%3A%2F%2Ffile.cdn.firstory.me%2FRecord%2Fcklw2tvilfnda0804tdm3oxho%2Fclo7zoyo6000101tkbr6ba0ju.mp3?v=1698373459664,audio/mpeg,15795288
豬探長推理故事集,1559480667,EP.55 消失的食物(上集),clnxa4d2k013r01y19gv17sep,"Fri, 20 Oct 2023 01:31:44 GMT",994,full,https://open.firstory.me/story/clnxa4d2k013r01y19gv17sep,https://m.cdn.firstory.me/track/cklw2tvilfnda0804tdm3oxho/clnxa4d2k013r01y19gv17sep/https%3A%2F%2Ffiles.firstory-cdn.me%2FRecord%2Fcklw2tvilfnda0804tdm3oxho%2Fclnxa4d2k013s01y1762acw1c.mp3?v=1697725945105,audio/mpeg,15908551
豬探長推理故事集,1559480667,EP.54 臭臭的向陽村(下集),clnnjksj2027q01ur3f8be78f,"Fri, 13 Oct 2023 01:31:30 GMT",1191,full,https://open.firstory.me/story/clnnjksj2027q01ur3f8be78f,https://m.cdn.firstory.me/track/cklw2tvilfnda0804tdm3oxho/clnnjksj2027q01ur3f8be78f/https%3A%2F%2Ffile.cdn.firstory.me%2FRecord%2Fcklw2tvilfnda0804tdm3oxho%2Fclnnjksj2027r01uralhq02dt.mp3?v=1697137070830,audio/mpeg,19070830
豬探長推理故事集,1559480667,EP.53 臭臭的向陽村(上集),clne66g8g037o01xn509z23lr,"Fri, 06 Oct 2023 05:32:51 GMT",876,full,https://open.firstory.me/story/clne66g8g037o01xn509z23lr,https://m.cdn.firstory.me/track/cklw2tvilfnda0804tdm3oxho/clne66g8g037o01xn509z23lr/https%3A%2F%2Ffile.cdn.firstory.me%2FRecord%2Fcklw2tvilfnda0804tdm3oxho%2Fclne66g8g037p01xn8b3j2hi1.mp3?v=1696570371167,audio/mpeg,14030242
豬探長推理故事集,1559480667,EP.52 格林小鎮的神祕解鎖事件(下集),cln3zreju001t01yu0bch97tx,"Fri, 29 Sep 2023 02:35:25 GMT",952,full,https://open.firstory.me/story/cln3zreju001t01yu0bch97tx,https://m.cdn.firstory.me/track/cklw2tvilfnda0804tdm3oxho/cln3zreju001t01yu0bch97tx/https%3A%2F%2Ffiles.firstory-cdn.me%2FRecord%2Fcklw2tvilfnda0804tdm3oxho%2Fcln3zrejv001u01yudepj9jnp.mp3?v=1695954925441,audio/mpeg,15243164
豬探長推理故事集,1559480667,EP.51 格林小鎮的神祕解鎖事件(上集),clmt6xgoa00s701w7cekodpru,"Fri, 22 Sep 2023 01:31:24 GMT",1336,full,https://open.firstory.me/story/clmt6xgoa00s701w7cekodpru,https://m.cdn.firstory.me/track/cklw2tvilfnda0804tdm3oxho/clmt6xgoa00s701w7cekodpru/https%3A%2F%2Ffiles.firstory-cdn.me%2FRecord%2Fcklw2tvilfnda0804tdm3oxho%2Fclmt6xgoa00s801w7ci6h08ee.mp3?v=1695311329583,audio/mpeg,21377551
豬探長推理故事集,1559480667,EP.50 人魚公主的復仇(下集),cli3up9b001mw011d1zjjb1az,"Fri, 26 May 2023 01:31:14 GMT",1258,full,https://open.firstory.me/story/cli3up9b001mw011d1zjjb1az,https://m.cdn.firstory.me/track/cklw2tvilfnda0804tdm3oxho/cli3up9b001mw011d1zjjb1az/https%3A%2F%2Ffiles.firstory-cdn.me%2FRecord%2Fcklw2tvilfnda0804tdm3oxho%2Fcli3up9b001mx011d6eyraiwt.mp3?v=1696305598927,audio/mpeg,20140810
豬探長推理故事集,1559480667,EP.49 人魚公主的復仇(上集),clhtkyju900c701x87imy3syw,"Fri, 19 May 2023 01:31:11 GMT",1030,full,https://open.firstory.me/story/clhtkyju900c701x87imy3syw,https://m.cdn.firstory.me/track/cklw2tvilfnda0804tdm3oxho/clhtkyju900c701x87imy3syw/https%3A%2F%2Ffiles.firstory-cdn.me%2FRecord%2Fcklw2tvilfnda0804tdm3oxho%2Fclhtkyju900c801x887baaez8.mp3?v=1696305607893,audio/mpeg,16493280
豬探長推理故事集,1559480667,EP.48 雪地救援(下集),clhjczrh603uw01uz5qrv5omf,"Fri, 12 May 2023 01:31:12 GMT",1624,full,https://open.firstory.me/story/clhjczrh603uw01uz5qrv5omf,https://m.cdn.firstory.me/track/cklw2tvilfnda0804tdm3oxho/clhjczrh603uw01uz5qrv5omf/https%3A%2F%2Ffile.cdn.firstory.me%2FRecord%2Fcklw2tvilfnda0804tdm3oxho%2Fclhjczrh603ux01uzf52y6btc.mp3?v=1714628597938,audio/mpeg,25991398
豬探長推理故事集,1559480667,EP.47 雪地救援(上集),clh9bdstb0jgf01tb09pq2j6q,"Fri, 05 May 2023 01:31:12 GMT",893,full,https://open.firstory.me/story/clh9bdstb0jgf01tb09pq2j6q,https://m.cdn.firstory.me/track/cklw2tvilfnda0804tdm3oxho/clh9bdstb0jgf01tb09pq2j6q/https%3A%2F%2Ffile.cdn.firstory.me%2FRecord%2Fcklw2tvilfnda0804tdm3oxho%2Fclh9bdstb0jgg01tb71fx0ozu.mp3?v=1714368994593,audio/mpeg,14291471
豬探長推理故事集,1559480667,EP.46 尋找藍光兔(下集),clgzenq8y0gbi01tb9tv5hnng,"Fri, 28 Apr 2023 01:31:12 GMT",898,full,https://open.firstory.me/story/clgzenq8y0gbi01tb9tv5hnng,https://m.cdn.firstory.me/track/cklw2tvilfnda0804tdm3oxho/clgzenq8y0gbi01tb9tv5hnng/https%3A%2F%2Ffiles.firstory-cdn.me%2FRecord%2Fcklw2tvilfnda0804tdm3oxho%2Fclgzenq8y0gbj01tbbjof5ah4.mp3?v=1696305699309,audio/mpeg,14376317
豬探長推理故事集,1559480667,EP.45 尋找藍光兔(上集),clgpwf2gb00bv01tb9xm8gacb,"Fri, 21 Apr 2023 01:59:17 GMT",1326,full,https://open.firstory.me/story/clgpwf2gb00bv01tb9xm8gacb,https://m.cdn.firstory.me/track/cklw2tvilfnda0804tdm3oxho/clgpwf2gb00bv01tb9xm8gacb/https%3A%2F%2Ffiles.firstory-cdn.me%2FRecord%2Fcklw2tvilfnda0804tdm3oxho%2Fclgpwf2gc00bw01tbdrqh7gn9.mp3?v=1696305710261,audio/mpeg,21224578
豬探長推理故事集,1559480667,EP.44 松鼠大亨驚魂記(下集),clgftji7502bp01x7fiml7a4v,"Fri, 14 Apr 2023 01:31:05 GMT",1313,full,https://open.firstory.me/story/clgftji7502bp01x7fiml7a4v,https://m.cdn.firstory.me/track/cklw2tvilfnda0804tdm3oxho/clgftji7502bp01x7fiml7a4v/https%3A%2F%2Ffiles.firstory-cdn.me%2FRecord%2Fcklw2tvilfnda0804tdm3oxho%2Fclgftji7502bq01x721rl19er.mp3?v=1696305729848,audio/mpeg,21014762
豬探長推理故事集,1559480667,EP.43 松鼠大亨驚魂記(上集),clg4lzt7i068c01uq4es81mb8,"Fri, 07 Apr 2023 01:31:03 GMT",1045,full,https://open.firstory.me/story/clg4lzt7i068c01uq4es81mb8,https://m.cdn.firstory.me/track/cklw2tvilfnda0804tdm3oxho/clg4lzt7i068c01uq4es81mb8/https%3A%2F%2Ffiles.firstory-cdn.me%2FRecord%2Fcklw2tvilfnda0804tdm3oxho%2Fclg4lzt7i068d01uq2ird9man.mp3?v=1696305747845,audio/mpeg,16727755
豬探長推理故事集,1559480667,EP.42 三年丙班失竊案(下集),clfve3yp502hm01uqd7cn0bok,"Fri, 31 Mar 2023 01:01:19 GMT",891,full,https://open.firstory.me/story/clfve3yp502hm01uqd7cn0bok,https://m.cdn.firstory.me/track/cklw2tvilfnda0804tdm3oxho/clfve3yp502hm01uqd7cn0bok/https%3A%2F%2Ffiles.firstory-cdn.me%2FRecord%2Fcklw2tvilfnda0804tdm3oxho%2Fclfve3yp502hn01uq77ugdzyh.mp3?v=1696305768108,audio/mpeg,14264722
豬探長推理故事集,1559480667,EP.41 三年丙班失竊案(上集),clflccmca017k01x0d0lk06i6,"Fri, 24 Mar 2023 01:31:03 GMT",926,full,https://open.firstory.me/story/clflccmca017k01x0d0lk06i6,https://m.cdn.firstory.me/track/cklw2tvilfnda0804tdm3oxho/clflccmca017k01x0d0lk06i6/https%3A%2F%2Ffiles.firstory-cdn.me%2FRecord%2Fcklw2tvilfnda0804tdm3oxho%2Fclflccmca017l01x07edidvkx.mp3?v=1696305784656,audio/mpeg,14820607
豬探長推理故事集,1559480667,EP.40 變色龍旅行團爆炸案(下集),cl9hs8vt7002d01wm6tzj7d53,"Fri, 21 Oct 2022 00:58:18 GMT",1069,full,https://open.firstory.me/story/cl9hs8vt7002d01wm6tzj7d53,https://m.cdn.firstory.me/track/cklw2tvilfnda0804tdm3oxho/cl9hs8vt7002d01wm6tzj7d53/https%3A%2F%2Ffiles.firstory-cdn.me%2FRecord%2Fcklw2tvilfnda0804tdm3oxho%2Fcl9hs8vt7002e01wm6ht70o4w.mp3?v=1696305811230,audio/mpeg,17105172
豬探長推理故事集,1559480667,EP.39 變色龍旅行團爆炸案(上集),cl97cwen00k2j010khm3k0pjh,"Fri, 14 Oct 2022 01:31:01 GMT",1116,full,https://open.firstory.me/story/cl97cwen00k2j010khm3k0pjh,https://m.cdn.firstory.me/track/cklw2tvilfnda0804tdm3oxho/cl97cwen00k2j010khm3k0pjh/https%3A%2F%2Ffiles.firstory-cdn.me%2FRecord%2Fcklw2tvilfnda0804tdm3oxho%2Fcl97cwen00k2k010kbxch3q07.mp3?v=1696305833405,audio/mpeg,17871709
豬探長推理故事集,1559480667,SP.2 探長會客室,cl8xrcj6x0axn01wl5v2g5boj,"Fri, 07 Oct 2022 01:01:01 GMT",777,full,https://open.firstory.me/story/cl8xrcj6x0axn01wl5v2g5boj,https://m.cdn.firstory.me/track/cklw2tvilfnda0804tdm3oxho/cl8xrcj6x0axn01wl5v2g5boj/https%3A%2F%2Ffile.cdn.firstory.me%2FRecord%2Fcklw2tvilfnda0804tdm3oxho%2Fcl8xrcj6y0axo01wldzpj5gan.mp3?v=1779246055381,audio/mpeg,12437406
豬探長推理故事集,1559480667,EP.38 鱷魚先生的滿漢全席(下集),cl8ncpx1b032b01t39r3n220r,"Fri, 30 Sep 2022 01:01:01 GMT",870,full,https://open.firstory.me/story/cl8ncpx1b032b01t39r3n220r,https://m.cdn.firstory.me/track/cklw2tvilfnda0804tdm3oxho/cl8ncpx1b032b01t39r3n220r/https%3A%2F%2Ffiles.firstory-cdn.me%2FRecord%2Fcklw2tvilfnda0804tdm3oxho%2Fcl8ncpx1b032c01t38zm33g0o.mp3?v=1696305858006,audio/mpeg,13924921
豬探長推理故事集,1559480667,EP.37 鱷魚先生的滿漢全席(上集),cl8dfr52m005v01wf5e1kgyy1,"Fri, 23 Sep 2022 01:01:01 GMT",1005,full,https://open.firstory.me/story/cl8dfr52m005v01wf5e1kgyy1,https://m.cdn.firstory.me/track/cklw2tvilfnda0804tdm3oxho/cl8dfr52m005v01wf5e1kgyy1/https%3A%2F%2Ffiles.firstory-cdn.me%2FRecord%2Fcklw2tvilfnda0804tdm3oxho%2Fcl8dfr52m005w01wf55hi6b7s.mp3?v=1696305890375,audio/mpeg,16088277
豬探長推理故事集,1559480667,EP.36 百貨公司失竊案(下集),cl83bnwv801sj01wfbr3icgiv,"Fri, 16 Sep 2022 01:01:01 GMT",1375,full,https://open.firstory.me/story/cl83bnwv801sj01wfbr3icgiv,https://m.cdn.firstory.me/track/cklw2tvilfnda0804tdm3oxho/cl83bnwv801sj01wfbr3icgiv/https%3A%2F%2Ffiles.firstory-cdn.me%2FRecord%2Fcklw2tvilfnda0804tdm3oxho%2Fcl83bnwv801sk01wf9jcx0lfc.mp3?v=1696305916139,audio/mpeg,22008669
豬探長推理故事集,1559480667,EP.35 百貨公司失竊案(上集),cl7ts15qw00s901wm1xrngnvq,"Fri, 09 Sep 2022 01:31:01 GMT",927,full,https://open.firstory.me/story/cl7ts15qw00s901wm1xrngnvq,https://m.cdn.firstory.me/track/cklw2tvilfnda0804tdm3oxho/cl7ts15qw00s901wm1xrngnvq/https%3A%2F%2Ffiles.firstory-cdn.me%2FRecord%2Fcklw2tvilfnda0804tdm3oxho%2Fcl7ts15qw00sa01wmdusj9xal.mp3?v=1696305921912,audio/mpeg,14844013
豬探長推理故事集,1559480667,EP.34 紅狐狸的城市大追擊(下集),cl7j9j98s026n01wm7ngx4o3p,"Fri, 02 Sep 2022 01:01:02 GMT",1291,full,https://open.firstory.me/story/cl7j9j98s026n01wm7ngx4o3p,https://m.cdn.firstory.me/track/cklw2tvilfnda0804tdm3oxho/cl7j9j98s026n01wm7ngx4o3p/https%3A%2F%2Ffiles.firstory-cdn.me%2FRecord%2Fcklw2tvilfnda0804tdm3oxho%2Fcl7j9j98s026o01wmb2td285w.mp3?v=1676879871142,audio/mpeg,20669981
豬探長推理故事集,1559480667,EP.33 紅狐狸的城市大追擊(上集),cl79tmzre03es01te21qw3fdu,"Fri, 26 Aug 2022 01:55:14 GMT",963,full,https://open.firstory.me/story/cl79tmzre03es01te21qw3fdu,https://m.cdn.firstory.me/track/cklw2tvilfnda0804tdm3oxho/cl79tmzre03es01te21qw3fdu/https%3A%2F%2Ffiles.firstory-cdn.me%2FRecord%2Fcklw2tvilfnda0804tdm3oxho%2Fcl79tmzre03et01te53l26rea.mp3?v=1676879740477,audio/mpeg,15417906
豬探長推理故事集,1559480667,EP.32 百年老樹的暗夜大火(下集),cl6zs16vd092n01z626w64ham,"Fri, 19 Aug 2022 01:12:38 GMT",915,full,https://open.firstory.me/story/cl6zs16vd092n01z626w64ham,https://m.cdn.firstory.me/track/cklw2tvilfnda0804tdm3oxho/cl6zs16vd092n01z626w64ham/https%3A%2F%2Ffiles.firstory-cdn.me%2FRecord%2Fcklw2tvilfnda0804tdm3oxho%2Fcl6zs16vd092o01z6gzly5rfu.mp3?v=1676879797356,audio/mpeg,14650498
豬探長推理故事集,1559480667,EP.31 百年老樹的暗夜大火(上集),cl6parnt0036t01z63pae7v47,"Fri, 12 Aug 2022 00:01:16 GMT",927,full,https://open.firstory.me/story/cl6parnt0036t01z63pae7v47,https://m.cdn.firstory.me/track/cklw2tvilfnda0804tdm3oxho/cl6parnt0036t01z63pae7v47/https%3A%2F%2Ffiles.firstory-cdn.me%2FRecord%2Fcklw2tvilfnda0804tdm3oxho%2Fcl6parnt0036u01z6ey5p5ln4.mp3?v=1676879865298,audio/mpeg,14843571
豬探長推理故事集,1559480667,SP.1 探長會客室,cl3ay678703bl01wocp9s9h8p,"Wed, 18 May 2022 02:10:53 GMT",1117,full,https://open.firstory.me/story/cl3ay678703bl01wocp9s9h8p,https://m.cdn.firstory.me/track/cklw2tvilfnda0804tdm3oxho/cl3ay678703bl01wocp9s9h8p/https%3A%2F%2Ffile.cdn.firstory.me%2FRecord%2Fcklw2tvilfnda0804tdm3oxho%2Fcl3ay678703bm01wo6bev857x.mp3?v=1779246125954,audio/mpeg,17886308
豬探長推理故事集,1559480667,EP.30 美術館名畫失蹤之謎(下集),cl1fqcz0o022e0hzyeo623a3s,"Fri, 01 Apr 2022 01:11:47 GMT",1215,full,https://open.firstory.me/story/cl1fqcz0o022e0hzyeo623a3s,https://m.cdn.firstory.me/track/cklw2tvilfnda0804tdm3oxho/cl1fqcz0o022e0hzyeo623a3s/https%3A%2F%2Ffile.cdn.firstory.me%2FRecord%2Fcklw2tvilfnda0804tdm3oxho%2Fcl1fqcz0o022f0hzy6dkqhztk.mp3?v=1738511550429,audio/mpeg,19454099
豬探長推理故事集,1559480667,EP.29 美術館名畫失蹤之謎(上集),cl15tkj2p01nv0hzqfta64rrr,"Fri, 25 Mar 2022 02:43:53 GMT",1098,full,https://open.firstory.me/story/cl15tkj2p01nv0hzqfta64rrr,https://m.cdn.firstory.me/track/cklw2tvilfnda0804tdm3oxho/cl15tkj2p01nv0hzqfta64rrr/https%3A%2F%2Ffile.cdn.firstory.me%2FRecord%2Fcklw2tvilfnda0804tdm3oxho%2Fcl15tkj2p01nw0hzq1sptbd7n.mp3?v=1733930252295,audio/mpeg,18478203
豬探長推理故事集,1559480667,EP.28 神秘的蘭花草(下集),cl0vqv4cf006y0i37g7ys8sqo,"Fri, 18 Mar 2022 01:30:22 GMT",1137,full,https://open.firstory.me/story/cl0vqv4cf006y0i37g7ys8sqo,https://m.cdn.firstory.me/track/cklw2tvilfnda0804tdm3oxho/cl0vqv4cf006y0i37g7ys8sqo/https%3A%2F%2Ffile.cdn.firstory.me%2FRecord%2Fcklw2tvilfnda0804tdm3oxho%2F1647567019455.mp3?v=1738610123569,audio/mpeg,18200660
豬探長推理故事集,1559480667,EP.27 神秘的蘭花草(上集),cl0lrb2683csa092952ts42kx,"Fri, 11 Mar 2022 01:45:01 GMT",742,full,https://open.firstory.me/story/cl0lrb2683csa092952ts42kx,https://m.cdn.firstory.me/track/cklw2tvilfnda0804tdm3oxho/cl0lrb2683csa092952ts42kx/https%3A%2F%2Ffile.cdn.firstory.me%2FRecord%2Fcklw2tvilfnda0804tdm3oxho%2F1646963099760.mp3?v=1770648119730,audio/mpeg,12420391
豬探長推理故事集,1559480667,EP.26 忘憂森林的松果派對(下集),cl0bpvzo98o080901iz955dst,"Fri, 04 Mar 2022 01:07:37 GMT",919,full,https://open.firstory.me/story/cl0bpvzo98o080901iz955dst,https://m.cdn.firstory.me/track/cklw2tvilfnda0804tdm3oxho/cl0bpvzo98o080901iz955dst/https%3A%2F%2Ffile.cdn.firstory.me%2FRecord%2Fcklw2tvilfnda0804tdm3oxho%2F1646356049085.mp3?v=1738725354641,audio/mpeg,14713188
豬探長推理故事集,1559480667,EP.25 忘憂森林的松果派對(上集),cl015uu5l096k08192v508iod,"Fri, 25 Feb 2022 01:00:35 GMT",1117,full,https://open.firstory.me/story/cl015uu5l096k08192v508iod,https://m.cdn.firstory.me/track/cklw2tvilfnda0804tdm3oxho/cl015uu5l096k08192v508iod/https%3A%2F%2Ffile.cdn.firstory.me%2FRecord%2Fcklw2tvilfnda0804tdm3oxho%2F1645717739319.mp3?v=1741174495469,audio/mpeg,17875085
豬探長推理故事集,1559480667,EP.24 音樂中的灰燼(下集),ckzrnzl8s0gms08964dixb9uo,"Fri, 18 Feb 2022 01:00:28 GMT",623,full,https://open.firstory.me/story/ckzrnzl8s0gms08964dixb9uo,https://m.cdn.firstory.me/track/cklw2tvilfnda0804tdm3oxho/ckzrnzl8s0gms08964dixb9uo/https%3A%2F%2Ffile.cdn.firstory.me%2FRecord%2Fcklw2tvilfnda0804tdm3oxho%2F1645143540041.mp3?v=1770648114667,audio/mpeg,11403078
豬探長推理故事集,1559480667,EP.23 音樂中的灰燼(上集),ckzgvpz3709th0905iqkermqr,"Fri, 11 Feb 2022 01:00:12 GMT",821,full,https://open.firstory.me/story/ckzgvpz3709th0905iqkermqr,https://m.cdn.firstory.me/track/cklw2tvilfnda0804tdm3oxho/ckzgvpz3709th0905iqkermqr/https%3A%2F%2Ffile.cdn.firstory.me%2FRecord%2Fcklw2tvilfnda0804tdm3oxho%2F1644491397475.mp3?v=1738511547029,audio/mpeg,13147949
豬探長推理故事集,1559480667,EP.22 鑽石項鍊失竊案(下集),ckz790emweljb0859vyecl3da,"Fri, 04 Feb 2022 01:00:51 GMT",1123,full,https://open.firstory.me/story/ckz790emweljb0859vyecl3da,https://m.cdn.firstory.me/track/cklw2tvilfnda0804tdm3oxho/ckz790emweljb0859vyecl3da/https%3A%2F%2Ffiles.firstory-cdn.me%2FRecord%2Fcklw2tvilfnda0804tdm3oxho%2F1643909057710.mp3?v=1676018100899,audio/mpeg,17979963
豬探長推理故事集,1559480667,EP.21 鑽石項鍊失竊案(上集),ckywzwi3k6eg0081484lcns7f,"Fri, 28 Jan 2022 01:00:16 GMT",1068,full,https://open.firstory.me/story/ckywzwi3k6eg0081484lcns7f,https://m.cdn.firstory.me/track/cklw2tvilfnda0804tdm3oxho/ckywzwi3k6eg0081484lcns7f/https%3A%2F%2Ffiles.firstory-cdn.me%2FRecord%2Fcklw2tvilfnda0804tdm3oxho%2F1643289094697.mp3?v=1676018121111,audio/mpeg,17090528
豬探長推理故事集,1559480667,EP.20 黃鶯谷的歌聲(下集),ckurrx1f6vl0408730u0g89bw,"Fri, 15 Oct 2021 02:50:30 GMT",704,full,https://open.firstory.me/story/ckurrx1f6vl0408730u0g89bw,https://m.cdn.firstory.me/track/cklw2tvilfnda0804tdm3oxho/ckurrx1f6vl0408730u0g89bw/https%3A%2F%2Ffile.cdn.firstory.me%2FRecord%2Fcklw2tvilfnda0804tdm3oxho%2F1634266226043.mp3?v=1731999926090,audio/mpeg,11272130
豬探長推理故事集,1559480667,EP.19 黃鶯谷的歌聲(上集),ckuh5xptv1kdz09510nfsfs7e,"Fri, 08 Oct 2021 00:00:54 GMT",754,full,https://open.firstory.me/story/ckuh5xptv1kdz09510nfsfs7e,https://m.cdn.firstory.me/track/cklw2tvilfnda0804tdm3oxho/ckuh5xptv1kdz09510nfsfs7e/https%3A%2F%2Ffile.cdn.firstory.me%2FRecord%2Fcklw2tvilfnda0804tdm3oxho%2F1633624647273.mp3?v=1732033385262,audio/mpeg,12067924
豬探長推理故事集,1559480667,EP.18 餅乾鎮的夢幻甜點(下集),cku6z4uymfpcb0947vzwn7j9j,"Fri, 01 Oct 2021 00:00:29 GMT",885,full,https://open.firstory.me/story/cku6z4uymfpcb0947vzwn7j9j,https://m.cdn.firstory.me/track/cklw2tvilfnda0804tdm3oxho/cku6z4uymfpcb0947vzwn7j9j/https%3A%2F%2Ffiles.firstory-cdn.me%2FRecord%2Fcklw2tvilfnda0804tdm3oxho%2F1633008557935.mp3?v=1633008562316,audio/mpeg,28826041
豬探長推理故事集,1559480667,EP.17 餅乾鎮的夢幻甜點(上集),cktwvrbwj9n750981ivs46xgz,"Fri, 24 Sep 2021 00:00:14 GMT",707,full,https://open.firstory.me/story/cktwvrbwj9n750981ivs46xgz,https://m.cdn.firstory.me/track/cklw2tvilfnda0804tdm3oxho/cktwvrbwj9n750981ivs46xgz/https%3A%2F%2Ffiles.firstory-cdn.me%2FRecord%2Fcklw2tvilfnda0804tdm3oxho%2F1632398227918.mp3?v=1632398230491,audio/mpeg,11312945
豬探長推理故事集,1559480667,EP.16 帆船大賽冠軍爭奪賽(下集),cktmtdare86do08837byjex1j,"Fri, 17 Sep 2021 00:00:36 GMT",675,full,https://open.firstory.me/story/cktmtdare86do08837byjex1j,https://m.cdn.firstory.me/track/cklw2tvilfnda0804tdm3oxho/cktmtdare86do08837byjex1j/https%3A%2F%2Ffile.cdn.firstory.me%2FRecord%2Fcklw2tvilfnda0804tdm3oxho%2F1631789551168.mp3?v=1732651538556,audio/mpeg,10803214
豬探長推理故事集,1559480667,EP.15 帆船大賽冠軍爭奪賽(上集),cktcu6c2qkxam0911mt5yt5ua,"Fri, 10 Sep 2021 00:00:25 GMT",818,full,https://open.firstory.me/story/cktcu6c2qkxam0911mt5yt5ua,https://m.cdn.firstory.me/track/cklw2tvilfnda0804tdm3oxho/cktcu6c2qkxam0911mt5yt5ua/https%3A%2F%2Ffile.cdn.firstory.me%2FRecord%2Fcklw2tvilfnda0804tdm3oxho%2F1631186241964.mp3?v=1732512911675,audio/mpeg,13097812
豬探長推理故事集,1559480667,EP.14 壞心眼的狐狸(下集),ckt2ufzyugx390887ufur2kos,"Fri, 03 Sep 2021 00:00:22 GMT",576,full,https://open.firstory.me/story/ckt2ufzyugx390887ufur2kos,https://m.cdn.firstory.me/track/cklw2tvilfnda0804tdm3oxho/ckt2ufzyugx390887ufur2kos/https%3A%2F%2Ffile.cdn.firstory.me%2FRecord%2Fcklw2tvilfnda0804tdm3oxho%2F1630582035942.mp3?v=1727623353863,audio/mpeg,9218750
豬探長推理故事集,1559480667,EP.13 壞心眼的狐狸(上集),ckst5wn6cv3dk0938sgdplxkv,"Fri, 27 Aug 2021 00:00:29 GMT",545,full,https://open.firstory.me/story/ckst5wn6cv3dk0938sgdplxkv,https://m.cdn.firstory.me/track/cklw2tvilfnda0804tdm3oxho/ckst5wn6cv3dk0938sgdplxkv/https%3A%2F%2Ffile.cdn.firstory.me%2FRecord%2Fcklw2tvilfnda0804tdm3oxho%2F1629996626542.mp3?v=1732618652422,audio/mpeg,8734910
豬探長推理故事集,1559480667,EP.12 神秘的手印(下集),cksj1szobd4ey0938v4ezxxzf,"Fri, 20 Aug 2021 01:00:17 GMT",675,full,https://open.firstory.me/story/cksj1szobd4ey0938v4ezxxzf,https://m.cdn.firstory.me/track/cklw2tvilfnda0804tdm3oxho/cksj1szobd4ey0938v4ezxxzf/https%3A%2F%2Ffile.cdn.firstory.me%2FRecord%2Fcklw2tvilfnda0804tdm3oxho%2F1629385075939.mp3?v=1732055244354,audio/mpeg,10806206
豬探長推理故事集,1559480667,EP.11 神秘的手印(上集),cks92yct4k9jb0801t911eli7,"Thu, 12 Aug 2021 16:51:52 GMT",898,full,https://open.firstory.me/story/cks92yct4k9jb0801t911eli7,https://m.cdn.firstory.me/track/cklw2tvilfnda0804tdm3oxho/cks92yct4k9jb0801t911eli7/https%3A%2F%2Ffile.cdn.firstory.me%2FRecord%2Fcklw2tvilfnda0804tdm3oxho%2F1628782344120.mp3?v=1732033420359,audio/mpeg,14377049
豬探長推理故事集,1559480667,EP.10 誰偷了那些雞(下集),ckoxqoosnxber0800q8leedm6,"Fri, 21 May 2021 03:05:44 GMT",602,full,https://open.firstory.me/story/ckoxqoosnxber0800q8leedm6,https://m.cdn.firstory.me/track/cklw2tvilfnda0804tdm3oxho/ckoxqoosnxber0800q8leedm6/https%3A%2F%2Ffile.cdn.firstory.me%2FRecord%2Fcklw2tvilfnda0804tdm3oxho%2F1621566261192.mp3?v=1727927086414,audio/mpeg,9637764
豬探長推理故事集,1559480667,EP.9 誰偷了那些雞(上集),ckoo6wtqujosu0848rwwr42wc,"Fri, 14 May 2021 10:40:55 GMT",760,full,https://open.firstory.me/story/ckoo6wtqujosu0848rwwr42wc,https://m.cdn.firstory.me/track/cklw2tvilfnda0804tdm3oxho/ckoo6wtqujosu0848rwwr42wc/https%3A%2F%2Ffile.cdn.firstory.me%2FRecord%2Fcklw2tvilfnda0804tdm3oxho%2F1620988852395.mp3?v=1732651657221,audio/mpeg,12160984
豬探長推理故事集,1559480667,EP.8 黃金船的飛天傳說（下集）,cko9hmmfvvdte0973tvc1d5w1,"Thu, 06 May 2021 22:30:53 GMT",604,full,https://open.firstory.me/story/cko9hmmfvvdte0973tvc1d5w1,https://m.cdn.firstory.me/track/cklw2tvilfnda0804tdm3oxho/cko9hmmfvvdte0973tvc1d5w1/https%3A%2F%2Ffiles.firstory-cdn.me%2FRecord%2Fcklw2tvilfnda0804tdm3oxho%2F1620099859487.mp3?v=1620099862529,audio/mpeg,9665757
豬探長推理故事集,1559480667,EP.7 黃金船的飛天傳說（上集）,cko2tb0ed5y1c0834d8blem9y,"Fri, 30 Apr 2021 01:01:36 GMT",609,full,https://open.firstory.me/story/cko2tb0ed5y1c0834d8blem9y,https://m.cdn.firstory.me/track/cklw2tvilfnda0804tdm3oxho/cko2tb0ed5y1c0834d8blem9y/https%3A%2F%2Ffiles.firstory-cdn.me%2FRecord%2Fcklw2tvilfnda0804tdm3oxho%2F1619696209560.mp3?v=1619696212759,audio/mpeg,9749766
豬探長推理故事集,1559480667,EP.6 牽牛花的不在場證明(下集),cknwm2qewthfi08562shtzvzj,"Sun, 25 Apr 2021 03:27:52 GMT",626,full,https://open.firstory.me/story/cknwm2qewthfi08562shtzvzj,https://m.cdn.firstory.me/track/cklw2tvilfnda0804tdm3oxho/cknwm2qewthfi08562shtzvzj/https%3A%2F%2Ffile.cdn.firstory.me%2FRecord%2Fcklw2tvilfnda0804tdm3oxho%2F1619321269855.mp3?v=1732068311016,audio/mpeg,10022287
豬探長推理故事集,1559480667,EP.5 牽牛花的不在場證明(上集),cknjt9toc9t9l0982h9ir6ish,"Fri, 16 Apr 2021 04:28:20 GMT",756,full,https://open.firstory.me/story/cknjt9toc9t9l0982h9ir6ish,https://m.cdn.firstory.me/track/cklw2tvilfnda0804tdm3oxho/cknjt9toc9t9l0982h9ir6ish/https%3A%2F%2Ffile.cdn.firstory.me%2FRecord%2Fcklw2tvilfnda0804tdm3oxho%2F1618547295288.mp3?v=1732055315439,audio/mpeg,12109575
豬探長推理故事集,1559480667,EP.4 馬戲團殺人事件(下集）,ckn2qzfzqk3m00a49ultbypwj,"Fri, 09 Apr 2021 00:00:42 GMT",629,full,https://open.firstory.me/story/ckn2qzfzqk3m00a49ultbypwj,https://m.cdn.firstory.me/track/cklw2tvilfnda0804tdm3oxho/ckn2qzfzqk3m00a49ultbypwj/https%3A%2F%2Ffiles.firstory-cdn.me%2FRecord%2Fcklw2tvilfnda0804tdm3oxho%2F1617515529053.mp3?v=1617515531660,audio/mpeg,10066997
豬探長推理故事集,1559480667,EP.3 馬戲團殺人事件(上集）,ckn2qo1nvk4c90889c1x7syuo,"Sun, 04 Apr 2021 05:43:20 GMT",801,full,https://open.firstory.me/story/ckn2qo1nvk4c90889c1x7syuo,https://m.cdn.firstory.me/track/cklw2tvilfnda0804tdm3oxho/ckn2qo1nvk4c90889c1x7syuo/https%3A%2F%2Ffiles.firstory-cdn.me%2FRecord%2Fcklw2tvilfnda0804tdm3oxho%2F1617514997220.mp3?v=1617514999875,audio/mpeg,12822602
豬探長推理故事集,1559480667,EP.2 浣熊村的守護神(下集),ckmorxeex0bq30876cucbx0ia,"Sat, 27 Mar 2021 03:40:37 GMT",636,full,https://open.firstory.me/story/ckmorxeex0bq30876cucbx0ia,https://m.cdn.firstory.me/track/cklw2tvilfnda0804tdm3oxho/ckmorxeex0bq30876cucbx0ia/https%3A%2F%2Ffile.cdn.firstory.me%2FRecord%2Fcklw2tvilfnda0804tdm3oxho%2F1616670586464.mp3?v=1726717187016,audio/mpeg,10189053
豬探長推理故事集,1559480667,EP.1 浣熊村的守護神(上集),ckmg1g1np0s4z0846bjffajue,"Fri, 19 Mar 2021 08:26:20 GMT",649,full,https://open.firstory.me/story/ckmg1g1np0s4z0846bjffajue,https://m.cdn.firstory.me/track/cklw2tvilfnda0804tdm3oxho/ckmg1g1np0s4z0846bjffajue/https%3A%2F%2Ffile.cdn.firstory.me%2FRecord%2Fcklw2tvilfnda0804tdm3oxho%2F1616142377439.mp3?v=1727623357653,audio/mpeg,10399704
